{
    "loss": 0.21397876739501953,
    "accuracy": 0.9384615421295166
}